﻿<parameters>
  <parameter name="IIS Web Application Name" defaultValue="57.1.127.133/elzhan" tags="IisApp">
    <parameterEntry kind="ProviderPath" scope="IisApp" match="^C:\\Users\\e\.bazarkhan\\Documents\\Visual\ Studio\ 2015\\Projects\\CertificateControlMAA\\CertificateControlMAA\\obj\\Release\\Package\\PackageTmp$" />
    <parameterEntry kind="ProviderPath" scope="setAcl" match="^C:\\Users\\e\.bazarkhan\\Documents\\Visual\ Studio\ 2015\\Projects\\CertificateControlMAA\\CertificateControlMAA\\obj\\Release\\Package\\PackageTmp$" />
  </parameter>
  <parameter name="CertificateControlMAA.Models.CertContext-Web.config Connection String" defaultValue="CertificateControlMAA.Models.CertContext_ConnectionString">
    <parameterEntry kind="XmlFile" scope="C:\\Users\\e\.bazarkhan\\Documents\\Visual\ Studio\ 2015\\Projects\\CertificateControlMAA\\CertificateControlMAA\\obj\\Release\\Package\\PackageTmp\\Web\.config$" match="/configuration/connectionStrings/add[@name='CertificateControlMAA.Models.CertContext']/@connectionString" />
  </parameter>
  <parameter name="DefaultConnection-Web.config Connection String" defaultValue="Data Source=(LocalDb)\MSSQLLocalDB;AttachDbFilename=|DataDirectory|\aspnet-CertificateControlMAA-20170921022816.mdf;Initial Catalog=aspnet-CertificateControlMAA-20170921022816;Integrated Security=True">
    <parameterEntry kind="XmlFile" scope="C:\\Users\\e\.bazarkhan\\Documents\\Visual\ Studio\ 2015\\Projects\\CertificateControlMAA\\CertificateControlMAA\\obj\\Release\\Package\\PackageTmp\\Web\.config$" match="/configuration/connectionStrings/add[@name='DefaultConnection']/@connectionString" />
  </parameter>
</parameters>